<!--grass configuration xml-->

<config>
  <texture path="Sprites/treechunks.png"/>
  <anim type="0" speed="0.1">
    <!--right 1-->
    <frame x="9" y="386" w="57" h="34"/>
  </anim>
  <anim type="1" speed="0.1">
    <!--right 2-->
    <frame x="9" y="437" w="157" h="55"/>
  </anim>
  <anim type="2" speed="0.1">
    <!--right 3-->
    <frame x="9" y="502" w="106" h="81"/>
  </anim>
  <anim type="3" speed="0.1">
    <!--left 1-->
    <frame x="274" y="386" w="57" h="34"/>
  </anim>
  <anim type="4" speed="0.1">
    <!--left 2-->
    <frame x="174" y="443" w="157" h="49"/>
  </anim>
  <anim type="5" speed="0.1">
    <!--left 3-->
   <frame x="225" y="502" w="106" h="81"/>
  </anim>
</config>