<!--grass configuration xml-->

<config>
  <texture path="Sprites/treechunks.png"/>
  <anim type="0" speed="0.1">
    <frame x="255" y="0" w="138" h="93"/>
  </anim>
  <anim type="1" speed="0.1"> <!--small wind right-->
    <frame x="255" y="0" w="138" h="93"/>
    <frame x="117" y="0" w="138" h="93"/>
    <frame x="117" y="0" w="138" h="93"/>
    <frame x="117" y="0" w="138" h="93"/>
  </anim>                    
  <anim type="2" speed="0.1">   <!--small wind left-->
    <frame x="255" y="0" w="138" h="93"/>
    <frame x="393" y="0" w="138" h="93"/>
    <frame x="393" y="0" w="138" h="93"/>
    <frame x="393" y="0" w="138" h="93"/>
  </anim>                    
  <anim type="3" speed="0.1">   <!--hard wind right-->
    <frame x="117" y="0" w="138" h="93"/>
    <frame x="117" y="0" w="138" h="93"/>
    <frame x="117" y="0" w="138" h="93"/>
    <frame x="255" y="0" w="138" h="93"/>
    <frame x="393" y="0" w="138" h="93"/>
    <frame x="255" y="0" w="138" h="93"/>
  </anim>                    
  <anim type="4" speed="0.1">   <!--hard wind left-->
    <frame x="117" y="0" w="138" h="93"/>
    <frame x="255" y="0" w="138" h="93"/>
    <frame x="393" y="0" w="138" h="93"/>
    <frame x="393" y="0" w="138" h="93"/>
    <frame x="393" y="0" w="138" h="93"/>
    <frame x="255" y="0" w="138" h="93"/>
  </anim>
</config>